Localization,En,Ru,De,Fr,Pl,Kr,Pt-Br,Spa,Swe,Jp,Cn,Fa
Green color is a new strings,,,,,,,,,,,,
HelmetSavedYourHead,Your helmet saved your head,Шлем защитил вашу голову,Dein Helm rettete dein Leben,Votre casque a protégé votre tête,Hełm uratował ci głowe,헬멧이 당신의 머리를 구했다,Seu capacete salvou sua cabeça,El casco te protegió la cabeza,Din hjälm skyddade ditt huvud,あなたの頭はヘルメットで守られた,頭盔保護了你的頭部,کلاه ایمنی سر شما را نجات داد
ArmorSavedYourChest,Your body armor has protected you from a chest injury,Бронежилет защитил вашу грудь,Deine Rüstung rettete deine Brust,Votre armure a protégé votre poitrine,Kamizelka ochroniła cię przed urazem tułowia,갑옷이 당신의 가슴을 구했다,Sua armadura salvou seu peito,Tu chaleco te protegió de una herida en el pecho,Din kroppspansar skyddar dig mot bröstskada,あなたの胸は防弾ベストで守られた,防彈衣保護了你的胸部,زره، بدن شما را از آسیب رسیدن به قفسه سینه محافظت کرده است
ArmorSavedYourLowerBody,Your body armor has protected you from a lower body injury,Бронежилет защитил ваш живот,Deine Rüstung rettete deinen Unterkörper,Votre armure a protégé le bas de votre corps,Kamizelka ochroniła cię przed urazem dolnej części ciała,갑옷이 당신의 하체를 구했다,Sua armadura salvou seu corpo inferior,Tu chaleco te protegió de una herida en el abdomen inferior,Din kroppspansar skyddar dig mot skador på kroppen,あなたの下半身は防弾ベストで守られた,防彈衣保護了你的下半身,زره، بدن شما را از آسیب دیدگی پایین‌تنه محافظت کرده است
ArmorPenetrated,Your armor was penetrated,Бронежилет был пробит,Deine Rüstung wurde durchdrungen,Votre armure a été pénétrée,Przebicie kamizelki,당신의 갑옷이 뚫렸다,Sua armadura foi penetrada,Tu chaleco antibalas fue penetrado,Din rustning penetrerades,あなたの防弾ベストは貫通された,防彈衣被擊穿,زره شما مورد نفوذ قرار گرفته
,"Write body parts correctly! Eg, ""Flesh wound on head""",,,,,,,,,体のパーツ名を正しく入力してください（例：頭）,,
BodyPartHead,head,голове,Kopf,tête,głowie,머리,cabeça,Cabeza,huvud,頭,頭部,سر
BodyPartNeck,neck,шее,Hals,cou,szyji,목,pescoço,cuello,nacke,首,頸部,گردن
BodyPartChest,chest,груди,Brust,poitrine,klatki piersiowej,가슴,peito,pecho,bröst,胸,胸部,قفسه سینه
BodyPartLowerBody,abdomen,животе,Unterkörper,bas du corps,brzuchu,하체,corpo inferior,abdomen,buk,腹部,腹部,شکم
BodyPartArm,arm,руке,Arm,bras,ręce,팔,braço,brazo,arm,腕,手臂,بازو
BodyPartLeg,leg,ноге,Bein,jambe,nodze,다리,Perna,pierna,ben,足,腿部,پا
,,,,,,,,,,,,
GrazeWound,Graze wound,Поверхностное ранение,Hautabschürfung,Écorchure,Otarcię,볼 상처,Raspão,Raspadura,Graze wound,かすり傷,擦傷,آسیب سطحی
GrazeGswOn,Graze GSW on,Поверхностное огнестрельное ранение на,Streifschuss an,Blessure par balle sur,Otarcie postrzałowe na,볼 총상 어디에,Pastar GSW on,Abrasion GSW on,Graze GSW on,Graze GSW on,Graze GSW on,Graze GSW on
FleshGswOn,Flesh GSW on,Касательное огнестрельное ранение на,Fleischwunde an,Chair abîmé par balle sur,Rana postrzałowa na,육체 총상 어디에,Ferida GSW on,Herida GSW on,Flesh GSW on,Flesh GSW on,Flesh GSW on,Flesh GSW on
PenetratingGswOn,Penetrating GSW on,Слепое огнестрельное ранение на,Schutz-durchdringende Schussverletzung an,Pénétration d'une balle sur,Spenetrowanie postrzeleniem na,침투하는 총상 어디에,Penetração GSW on,Penetracion GSW on,Penetrating GSW on,Penetrating GSW on,Penetrating GSW on,Penetrating GSW on
PerforatingGswOn,Perforating GSW on,Сквозное огнестрельное ранение на,Durchschuss an,Perforation d'une balle sur,Zniekształcenia postrzałowe na,관통 총상 어디에,Perfuração GSW on,Perforacion GSW on,Perforating GSW on,Perforating GSW on,Perforating GSW on,Perforating GSW on
AvulsiveGswOn,Avulsive GSW on,Рваное огнестрельное ранение на,Fleisch-reissende Schussverletzung an,Avulsive GSW on,Oskurowanie postrzeleniem na,격렬한 총상 어디에,Avulsivo GSW on,Avulsion GSW,Avulsive GSW on,Avulsive GSW on,Avulsive GSW on,Avulsive GSW on
,,,,,,,,,,,,
,,,,,,,,,,,,
HeavyBrainDamage,Heavy brain damage,Тяжелое повреждение мозга,Schwerer Hirnschaden,Lourds dégâts cérébraux,Poważne uszkodzenie mózgu,심각한 뇌 손상,Dano cerebral pesado,Daño cerebral grave,Heavy brain damage,脳に重大なダメージを受けた,頭部嚴重受損,Heavy brain damage
BulletFlyThroughYourHead,A bullet has penetrated your skull,Пуля прошла вашу голову насквозь,Eine Kugel hat deinen Schädel durchdrungen,Une balle a pénétré dans votre crâne,Pocisk spenetrował ci czaskę,총알이 당신의 머리를 통해 난다,Bala voôu pela sua cabeça,Una bala ha penetrado tu craneo,A bullet has penetrated your skull,銃弾があなたの頭蓋骨を貫通した,子彈穿透你的頭骨,A bullet has penetrated your skull
BulletTornApartYourBrain,A bullet has fractured your skull,Пуля разорвала ваш череп на куски,Eine Kugel hat dein Hirn durchdrungen,Une balle vous a fracturé votre crâne,Pocisk uszkodził twoją czaskę,총알이 당신의 두뇌를 찢어 버렸습니다,bala explodiu sua cabeça,Una bala ha fracturado tu craneo,A bullet has fractured your skull,弾丸により頭蓋骨が骨折した,子彈使你頭部骨折,A bullet has fractured your skull
,,,,,,,,,,,,
LightBruise,Light bruise,Легкий ушиб,Leichte Prellung,Léger bleu,Lekkie zacięcie,가벼운 타박상,ferimento leve,Abrasura leve,Light bruise,軽いあざ,輕度淤血,Light bruise
LightBruiseOn,Light bruise on,Легкий ушиб на,Leichte Prellung an,Léger bleu activé,Lekkie zacięcie na,가벼운 타박상 ,Contusão leve on,abrasion ligera,Light bruise on,軽いあざ 有効,輕度淤血 on,Light bruise on
MediumBruiseOn,Medium bruise on,Средний ушиб на,Mittlere Prellung an,Bleu activé,Średnie zacięcie na,중간 타박상 켜짐,Contusão média on,abrasion media,Medium bruise on,中傷 有効,中度淤血 on,Medium bruise on
HeavyBruiseOn,Heavy bruise on,Серьезный ушиб на,Schwere Prellung an,Gros bleu activé,Poważne zacięcie na,심각한 타박상 켜짐,Contusão pesada on,abrasion grave,Heavy bruise on,大打撲 有効,嚴重摔傷 on,Heavy bruise on
AbrazionWoundOn,Abrasion wound on,Содрана кожа на,Schürfwunde an,Éraflure,Przetarcie rany na,마모 상처 켜짐,Ferida de abrasão on,abulsion,Abrasion wound on,かすり傷 有効,擦傷 on,Abrasion wound on
WindedFromImpact,Winded from impact,Головокружение от удара,Außer Atem durch Treffer,Vertiges du au choc,Powalenie po uderzeniu,충격 때문에 숨이 헐떡임,Falta de ar devido ao impacto,Falta de aliento por el impacto,Winded from impact,影響を受けない,因撞擊而喘氣,Winded from impact
,,,,,,,,,,,,
IncisionWoundOn,Incision wound to the,Поверхностное ранение на,Schnittwunde an,Plaie superficielle sur,Naciencię na,절개 상처 어디에,Incisão em ferida,Incision,Incision wound to the,Incision wound to the,Incision wound to the,Incision wound to the
LacerationWoundOn,Laceration wound to the,Рваная рана на,Reisswunde an,Lacération de la plaie sur,Skaleczenie na,열상 상처 어디에,Ferida de laceração,Laceracion,Laceration wound to the,Laceration wound to the,Laceration wound to the,Laceration wound to the
StabWoundOn,Stab wound to the,Колотое ранение на,Stichwunde an,Coup de couteau sur,Rana kłuta na,찌린 상처 어디에,facada,Puñalada,Stab wound to the,Stab wound to the,Stab wound to the,Stab wound to the
,,,,,,,,,,,,
BodyBlown,Concussive shock damage to the torso detected,Тело разорвано на куски,Torso zerstört,Corps touché,Obrażenia wstrząsowe na tułowiu,신체가 헐떡임 ,Corpo queimado,Concussive shock damage to the torso detected,Concussive shock damage to the torso detected,衝撃による胴体の損傷を検出,軀幹受到衝擊受傷,Concussive shock damage to the torso detected
HeadBlown,Concussive shock damage to the head detected,Голова разорвана на куски,Kopf zerstört,Tête touchée,Obrażenia wstrząsowe na tułowiu; prawdopodobnie obrażenia tchawiczo-oskrzelowe,머리가 헐떡임,Cabeça queimada,Concussive shock damage to the head detected,Concussive shock damage to the head detected,頭部への衝撃が検出された、外傷性脳損傷の可能性あり,頭部受到衝擊受傷,Concussive shock damage to the head detected
NeckBlown,Concussive shock damage to the neck detected,Шея разорвана на куски,Hals zerstört,Nuque touchée,Obrażenia wstrząsowe na szyji,목이 헐떡임,Pescoço queimado,Concussive shock damage to the neck detected,Concussive shock damage to the neck detected,衝撃による首の損傷を検出,頸部受到衝擊受傷,Concussive shock damage to the neck detected
ChestBlown,Concussive shock damage to the torso detected,Грудь разорвана на куски,Brust zerstört,Poitrine touchée,Obrażenia wstrząsowe na klatce piersiowej,가슴이 헐떡임,Peito queimado,Concussive shock damage to the torso detected,Concussive shock damage to the torso detected,衝撃的による胴体の損傷を検出,軀幹受到衝擊受傷,Concussive shock damage to the torso detected
LowerBodyBlown,Concussive shock damage to the abdomen detected,Живот разорван на куски,Unterkörper zerstört,Bas du crops touché,Obrażenia wstrząsowe na brzuchu,하체가 헐떡임,Corpo inferior queimado,Concussive shock damage to the abdomen detected,Concussive shock damage to the abdomen detected,衝撃的による腹部の損傷を検出,腹部受到衝擊受傷,Concussive shock damage to the abdomen detected
ArmBlown,Concussive shock damage to the arm detected,Рука разорвана на куски,Arm zerstört,Bras touché,Obrażenia wstrząsowe na dłoni,팔이 헐떡임,Braço queimado,Concussive shock damage to the arm detected,Concussive shock damage to the arm detected,衝撃的による腕の損傷を検出,手臂受到衝擊受傷,Concussive shock damage to the arm detected
LegBlown,Concussive shock damage to the legs detected,Нога разорвана на куски,Bein zerstört,Jambe touchée,Obrażenia wstrząsowe na nogach,다리가 헐떡임,Perna queimada,Concussive shock damage to the legs detected,Concussive shock damage to the legs detected,衝撃的による足の損傷を検出,腿部受到衝擊受傷,Concussive shock damage to the legs detected
,,,,,,,,,,,,
Blackout,Blackout possible,Возможна потеря сознания,Möglicher Gedächtnisverlust,Risque d'évanouïssement,Zamroczenie,의식 상실 가능성이 있다,Possivel cegueira temporária,Blackout possible,Blackout possible,気絶の可能性あり,可能導致斷氣,Blackout possible
BleedingInHead,Intracranial bleeding,Кровотечение в мозг,Kopfblutung,Saignement à la tête,Krwawienie wnętrzoczaskowe,머리에서 출혈,Sangrando na cabeça,Hemorragia intercraneal,Intracranial bleeding,頭蓋内出血,顱內出血,Intracranial bleeding
TraumaticBrainInjury,Traumatic brain injury,Тяжелая травма головного мозга,Schädeltrauma,Lésion cérébrale traumatique,Traumatyczne uszkodzenie mózgu,외상성 뇌 손상,Traumatismo crâniano,Traumatismo cerebral,Traumatic brain injury,外傷性脳損傷,頭部外傷,Traumatic brain injury
BrokenNeck,Damage to cervical vertebrae,Повреждение шейных позвонков,Gebrochenes Genick,Nuque brisée,Złamany lub skręcony kark; uszkodzenie rdzeniu kręgowego,목이 부러짐,Pescoço quebrado,Cuello roto o dañado; vertebra cervical dañada,Broken or sprained neck; damage to cervical vertebrae,首の骨折、頚椎の損傷または捻挫,頸部骨折或扭傷,Damage to cervical vertebrae
,,,,,,,,,,,,
Health,Health,Здоровье,Gesundheit,Santé,Zdrowie,체력 ,saúde,Health,Health,体力,健康,Health
YouAreDead,You are dead!,Ты мертв!,Du bist tot!,Vous êtes mort !,Umarłeś,당신은 죽었다!,Voçê está morto,¡Estas muerto!,You are dead!,You are died!,你死啦,You are dead!
Pain,Pain,Боль,Schmerz,Douleur,Ból,통증,Dor,Dolor,Pain,痛み,疼痛,Pain
,,,,,,,,,,,,
ArmorLooksGreat,Your armor appears undamaged,Бронежилет как новый,Deine Rüstung sieht gut aus,Votre blindage est en bon état,Hełm i kamizelka wyglądają dobrze,당신의 갑옷은 훌룡해 보인다,Sua armadura parece ótima,Tu chaleco no parece estar dañado,Your armor appears undamaged,防弾ベストは損傷していない,防彈衣完好無損,Your armor appears undamaged
ScratchesOnArmor,Some plates of your armor is broken,Несколько бронеплит сломаны,Deine Rüstung hat ein paar Kratzer,Votre blindage a des égratinures,Ceramika na hełmie i kamizelce wyglądają na uszkodzone,당신의 갑옷은 약간의 스크래치가 있다,Sua armadura tem alguns arranhões,Una de las placas de ceramica de tu chaleco esta rota,One of the ceramic plates of your armor is broken,防弾ベストのセラミックプレートの一つが壊れている,防彈衣的一塊瓷片被打壞,Some plates of your armor is broken
DentsOnArmor,Your armor is noticeably damaged,Бронежилет серьезно поврежден,Deine Rüstung hat großen Schaden genommen,Votre blindage a de larges entailles,Hełm i kamizelka są zauważalnie uszkodzone,당신의 갑옷은 크게 찌그려 졋다,Sua armadura está visivelmente danificada,Tu chaleco se nota que esta un poco dañado,Your armor is noticeably damaged,防弾ベストが著しく損傷している,防彈衣嚴重受損,Your armor is noticeably damaged
ArmorLooksAwful,Your body armor is practically useless,Бронежилет выглядит хуже некуда,Deine Rüstung ist praktisch nutzlos,Votre blindage est en très mauvais état,Hełm i kamizelka są do wyrzucenia,당신은 갑옷은 끔찍한 보인다,Sua armadura parece horrível,Tu chaleco corporal es practicamente inutil,Your body armor is practically useless,防弾ベストはほとんど役に立たない,防彈衣幾乎報廢,Your body armor is practically useless
,"Write correctly! Eg, ""Critical damaged nerves heart legs""",,,,,,,,,"Write correctly! Eg, ""Critical damaged nerves heart legs""",,
Crits,Critical damaged,Критически повреждены,Kritischer Schaden an,Dégât critique,Krytyczne obrażenia,치명적인 손상,dano critico,Daño critico a ,Critical damage to,クリティカルダメージ先,嚴重傷害,Critical damaged
NervesCrit,nerves,нервы,Nerven,les nerfs,Nerwy,신경,nervos,Nervios,nerves,神経,神經,nerves
HeartCrit,heart,сердце,Herz,le coeur,Serce,심장,coração,Corazon,heart,心臓,心臟,heart
LungsCrit,lungs,легкие,Lungen,les poumons,Płuca,폐,pulmões,Pulmones,lungs,肺,肺部,lungs
StomachCrit,stomach,желудок,Bauch,l'estomac,Żołądek,복부,estômago,Estomago,stomach,胃,胃部,stomach
GutsCrit,guts,кишечник,Innereien,l'intestin,Wnętrzności,창자,culhões,Intestinos,guts,腸,腸道,guts
ArmsCrit,arms,руки,Arme, les bras,Ręce,팔,braços,Brazos,arms,腕,手臂,arms
LegsCrit,legs,ноги,Beine, les jambes,Nogi,다리,pernas,Piernas,legs,足,腿部,legs
,,,,,,,,,,,,
Wounds,Wounds,Ранения,Wunden,Blessures,Rany,상처,Feridas,Heridas,Wounds,傷,傷口,Wounds
,,,,,,,,,,,,
,,,,,,,,,,,,
DontHaveMoneyForHelmet,Insufficient funds to purchase a helmet,Недостаточно денег для покупки шлема,Du hast nicht genug Geld für einen Helm,Vous n'avez pas assez d'argent pour acheter un casque,Nie masz wystarczających pieniędzy aby kupić hełm,당신은 헬멧을 사기에 충분한 돈을 가지고 있지 않다,Você não tem dinheiro suficiente para comprar capacete,No tienes suficientes fondos para comprar un casco,Insufficient funds to purchase helmet,ヘルメットを買うための金が足りない,購買頭盔資金不足,Insufficient funds to purchase a helmet
,,,,,,,,,,,,
InternalBleeding,Internal bleeding,Внутреннее кровотечение,Innere Blutungen,Hémorragie interne,Krwawienie wewnętrzne,내부 출혈,Sangramento interno,Hemorragia interna,Internal bleeding,内出血,內出血,Internal bleeding
SeveredArtery,Punctured artery,Разорванная артерия,Verletzte Arterie,Artère touchée,Przecięta tętnica,절단 동맥,Artéria cortada,Arteria pinchada,Punctured artery,穿刺動脈,動脈穿刺,Punctured artery
SeveredArteryMessage,An artery was severed,Артерия была повреждена,Arterie wurde verletzt!,L'artère a été touchée,Masz przeciętą tętnice!,동맥이 절단되었다!,Artéria foi cortada!,¡Una arteria se ha roto!,An artery was severed!,動脈が切れた,動脈斷裂,An artery was severed
,,,,,,,,,,,,
PlayerNervesCritMessage,You can't feel your limbs,Вы не чувствуете свои ноги и руки,Es scheint als könntest du deine Arme und Beine nicht mehr kontrollieren,Vous ne maîtrisez plus vos jambes ni vos bras,Czujesz jak tracisz kontrole nad rękami i nogami,당신은  더 이상 팔과 다리를 움직일수 없다는걸 느꼇다,Você sente que não pode mais controlar seus braços e pernas,Spinal/nervous system damage detected,Spinal/nervous system damage detected,脊髄または神経系の損傷を検出,脊髓神經受損,You can't feel your limbs
ManNervesCritMessage,He looks like his spine was damaged,Похоже у него поврежден позвоночник,Er sieht aus als ob sein Rückgrat verletzt wurde,On dirait que sa colonne vertébrale a été touchée,Wygląda na to że nerwy mu padły,그의 척추가 손상된 것처럼 보인다,Ele parece está com sua espinha foi danificada,He looks like his spine was damaged,He looks like his spine was damaged,彼の背骨は損傷したようだ,他脊髓神經受損,He looks like his spine was damaged
WomanNervesCritMessage,She looks like her spine was damaged,Похоже у нее поврежден позвоночник,Sie sieht aus als ob ihr Rückgrat verletzt wurde,On dirait que sa colonne vertébrale a été touchée,Wygląda na to że nerwy jej padły,그녀의 척추가 손상된 것처럼 보인다,Ela parece está com sua espinha foi danificada,She looks like her spine was damaged,She looks like her spine was damaged,彼女の背骨は損傷したようだ,她脊髓神經受損,She looks like her spine was damaged
,,,,,,,,,,,,
PlayerHeartCritMessage,You feel like life is leaving you,Вы чувствуете что жизнь покидает вас,Du fühlst heftigen Schmerz in deiner Brust,Vous resentez une terrible douleur dans votre torse,Czyjesz olbrzymi ból w klatce piersiowej,당신은 끔찍한 통증을 가슴에서 느꼇다,Você sente uma dor terrível no seu peito,Damage to circulatory system detected,Damage to circulatory system detected,循環器系の損傷を検出,循環系統損傷,You feel like life is leaving you
ManHeartCritMessage,He appears to be in terrible chest pain,Он кашляет кровью,Er hustet Blut,Il crache du sang,On kaszle krwią,그는 피를 기침한다,Ele está tossindo sangue,He appears to be in terrible chest pain,He appears to be in terrible chest pain,彼はひどい胸痛にあるようだ,他正忍受著劇烈胸痛,He appears to be in terrible chest pain
WomanHeartCritMessage,She appears to be in terrible chest pain,Она кашляет кровью,Sie hustet Blut,Elle crache du sang,Ona kaszle krwią,그녀는 피를 기침한다,Ela está tossindo sangue,She appears to be in terrible chest pain,She appears to be in terrible chest pain,彼女はひどい胸痛にあるようだ,她正忍受著劇烈胸痛,She appears to be in terrible chest pain
,,,,,,,,,,,,
PlayerLungsCritMessage,You cough up blood,Вы кашлеете кровью,Du kannst nur noch schwer atmen,Vous avez du mal à repsirer,Trudnio ci się oddycha,당신이 숨을 쉬는 것은 매우 어렵다,É muito dificil voçê respirar,You cough up blood,You cough up blood,吐血した,你吐血了,You cough up blood
ManLungsCritMessage,He coughs up blood,Он кашляет кровью,Er hustet Blut,Il crache du sang ,On kaszle krwią,그는 피를 기침한다,Ele está tossindo sangue,He coughs up blood,He coughs up blood,彼は吐血した,他吐血了,He coughs up blood
WomanLungsCritMessage,She coughs up blood,Она кашляет кровью,Sie hustet Blut,Elle crache du sang,Ona kaszle krwią,그녀는 피를 기침한다,Ela está tossindo sangue,She coughs up blood,She coughs up blood,彼女は吐血した,她吐血了,She coughs up blood
,,,,,,,,,,,,
PlayerStomachCritMessage,You feel yourself very sick,Вас сильно тошнит,Du fühlst dich sehr schlecht,Vous vous sentez très mal,Czujesz ból żołądka,당신은 매우 아프다,Você se sente muito doente,You feel very sick,You feel very sick,とても気分が悪いようだ,你很難受,You feel very sick
ManStomachCritMessage,He looks very sick,Он выглядит будто его тошнит,Er sieht sehr schlecht aus,Il a l'air très malade,Boli go brzuch,그는 매우 아픈것 처럼 보여진다,Ele parece muito doente,He looks very sick,He looks very sick,彼はとても気分が悪いようだ,他看起來很難受,He looks very sick
WomanStomachCritMessage,She looks very sick,Она выглядит будто ее тошнит,Sie sieht sehr schlecht aus,Elle a l'air très malade,Boli ją brzuch,그녀는 매우 아픈것 처럼 보여진다,Ela parece muito doente,She looks very sick,She looks very sick,彼女はとても気分が悪いようだ,她看起來很難受,She looks very sick
,,,,,,,,,,,,
PlayerGutsCritMessage,You can see your guts,Ваш кишечник лезет наружу,Du fühlst dich sehr schlecht,Vous vous sentez très malade,Wnętrzności ci się psują,당신은 매우 아프다,Você se sente muito doente,You feel very sick,You feel very sick,とても気分が悪いようだ,你很難受,You feel very sick
ManGutsCritMessage,He looks very sick,Его кишечник лезет наружу,Er sieht sehr schlecht aus,Il a l'air très malade,Jego wnętrzności są zepsute,그는 매우 아픈것 처럼 보여진다 ,Ele parece muito doente,He looks very sick,He looks very sick,彼はとても気分が悪いようだ,他看起來很難受,He looks very sick
WomanGutsCritMessage,She looks very sick,Ее кишечник лезет наружу,Sie sieht sehr schlecht aus,Elle a l'air très malade,Jej wnętrzności są zepsute,그녀는 매우 아픈것 처럼 보여진다,Ela parece muito doente,She looks very sick,She looks very sick,彼女はとても気分が悪いようだ,她看起來很難受,She looks very sick
,,,,,,,,,,,,
PlayerArmsCritMessage,You feel awful pain in your arm,Вы чувствуете ужасную боль в руке,Sieht so aus als wäre ein Arm gebrochen,On dirait que l'os du bras est cassé,Złamałeś ręke.,팔 뼈가 부러진 것 같다,Parece que o osso do braço foi quebrado,Possible broken arm bone,Possible broken arm bone,腕が骨折した可能性がある,手臂可能骨折了,You feel awful pain in your arm
ManArmsCritMessage,His arm looks broken,Его рука выглядит плохо,Sein Arm sieht sehr schlecht aus,Son bras a l'air cassé,Złamał ręke,그의 팔의 상태가 매우 않 좋다,O braço dele parece muito ruim,His arm looks broken,His arm looks broken,彼の腕は骨折した,他的手臂看起來骨折了,His arm looks broken
WomanArmsCritMessage,Her arm looks broken,Ее рука выглядит плохо,Ihr Arm sieht sehr schlecht aus,Son bras a l'air cassé,Złamała ręke,그녀의 팔의 상태가 매우 않 좋다,O braço dela parece muito ruim,Her arm looks broken,Her arm looks broken,彼女の腕は骨折した,她的手臂看起來骨折了,Her arm looks broken
,,,,,,,,,,,,
PlayerLegsCritMessage,You feel awful pain in your leg,Вы чувствуете ужасную боль в ноге,Sieht so aus als wäre ein Bein gebrochen,On dirait que l'os de la jambe est cassé,Złamałeś nogi,다리 뼈가 부러진 것 같다,Parece que o osso da perna foi quebrado,"Possible broken, sprained or injured leg or ankle","Possible broken, sprained or injured leg or ankle",足、足首の骨折、捻挫あるいは怪我をした可能性がある,膝蓋或者腿部看起來受傷了,You feel awful pain in your leg
ManLegsCritMessage,His leg looks broken,Его нога выглядит плохо,Sein Bein sieht sehr schlecht aus,Sa jambe a l'air cassé,Złamał nogi,그의 다리의 상태가 매우 않 좋다,A perna dele parece muito ruim,His leg looks broken,His leg looks broken,彼の足は骨折した,他的腳看起來受傷了,His leg looks broken
WomanLegsCritMessage,Her leg looks broken,Ее нога выглядит плохо,Ihr Bein sieht sehr schlecht aus,Sa jambe a l'air cassé,Złamała nogi,그녀의 다리의 상태가 매우 않 좋다,A perna dela parece muito ruim,Her leg looks broken,Her leg looks broken,彼女の足は骨折した,她的腳看起來受傷了,Her leg looks broken
,,,,,,,,,,,,
UnbearablePainMessage,You lose consciousness from the overwhelming pain,У вас болевой шок! Вы теряете сознание!,Du bist im Schock und verlierst das Bewusstsein!,"Vous avez un choc de douleur, vous perdez conscience !",Boli cię zbyt mocno! Tracisz przytomność,당신은 통증 쇼크를 얻었다! 당신은 의식을 읽었다!,Você tem um choque de dor! Você perde a consciência!,You lose consciousness from overwhelming pain,You lose consciousness from overwhelming pain,圧倒的な痛みにより意識を失っている,你由於劇痛失去意識,You lose consciousness from the overwhelming pain
,,,,,,,,,,,,
AddingRange,Increasing range,Радиус добавления,Reichweite erweitert,Adding range,Zwiększono odległość,범위 추가,Adding range,Adding range,Adding range,範囲を拡大,範圍擴大,Increasing range
RemovingRange,Decreasing range,Радиус удаления,Reichweite verringert,Removing range,Zmniejszono odległość,범위 삭제,Removing range,Removing range,Removing range,範囲を縮小,範圍縮小,Decreasing range
,,,,,,,,,,,,
ThanksForUsing,Thanks for using,Спасибо за использование,Danke für die Verwendung von,Merci pour votre utilisation,Dziękuje za użycie moda!,사용해 주어서 고맙다,Obrigado por usar,Thanks for using,Thanks for using,ご利用いただきありがとうございます,感謝使用,Thanks for using
GswStopped,GSW2 operations have ended :(,"К сожалению, GSW2 поломался, извини уж :(","GSW2 funktioniert nicht mehr, tut mir leid :(","GSW2 s'est arrêté, désolé :(","GSW2 przestało działać, Przepraszamy :(","GSW2는 멈추었다, 미안하다 :(","GSW2 parou, desculpe :(",GSW2 operations have ended,GSW2 operations have ended,GSW2 operations have ended,GSW2 operations have ended,"GSW2 operations have ended :( Please, send logs to SH42913"
GswIsPaused,GSW2 is paused,Работа GSW2 приостановлена,GSW2 ist pausiert,GSW2 est en pause,GSW2 zostało zatrzymane,GSW2가 중지되었다,O GSW2 está em pausa,GSW2 is paused,GSW2 is paused,GSW2 が中断,GSW2 is paused,GSW2 is paused
GswIsWorking,GSW2 is working,Работа GSW2 продолжается,GSW2 ist bereit,GSW2 fonctionne,GSW2 działa,GSW2가 작둥중이다,GSW2 está funcionando,GSW2 is working,GSW2 is working,GSW2 が起動中,GSW2 is working,GSW2 is working
,,,,,,,,,,,,
AlreadyBandaging,You're already bandaging yourself,Вы уже перевязываетесь,Du bist bereits verbunden,Vous appliquez déjà un bandage,Właśnie się bandażujesz,당신은 이미 붕대를 감고 있다,Você já está enfaixando,You're already bandaging,You're already bandaging,すでに包帯をしている,你已經在包扎了,You're already bandaging yourself
DontHaveMoneyForBandage,You don't have enough money for a bandage,Недостаточно денег на перевязку,Du hast nicht genug Geld für Verband,Vous n'avez pas assez d'argent pour acheter un bandage,Nie masz wystarczającej ilości pieniędzy na opatrunek,당신은 붕대를 사기에 충분한 돈을 가지고 있지 않다,Você não tem dinheiro suficiente para bandagem,You don't have enough money for a bandage,You don't have enough money for a bandage,包帯を買うための資金がない,你沒錢買繃帶了,You don't have enough money for a bandage
YouTryToBandage,You try to bandage yourself. You need to stand still for {0} seconds!,Вы пробуете перевязаться. Нужно постоять без движения {0} секунд!,Du versuchst dich selbst zu verbinden. Du musst für {0} sekunden stillstehen!,Vous essayez de vous soigner. Vous ne devez pas bouger pendant {0} secondes !,Próbujesz zabandażować się samemu. Nie ruszaj się przez {0} sekund!,당신은 붕대 감기를 시도했다. 당신은 {0} 초 동안 가만히 서있어야 한다,Você tenta se enfaixar. Você precisa ficar parado por {0} segundos!,You try to bandage self. You need to stand still for {0} seconds!,You try to bandage self. You need to stand still for {0} seconds!,包帯を巻こうとしている 継続するには {0} 秒静止する必要がある,你嘗試著給自己包扎，你需要靜止 {0} 秒！,You try to bandage yourself. You need to stand still for {0} seconds!
BandageFailed,Bandaging has failed. You need to stand still to apply a bandage!,Перевязка не удалась. Нужно стоять без движения!,Verbinden schlug fehl. Du must stillstehen zum verbinden!,Vous n'avez pas réussi à vous mettre un bandage. Vous ne devez pas bouger pour appliquer un bandage !,Bandażowanie nie udało się. Podczas nakładania opatrunku nie ruszaj się!,붕대 감기가 실패했다 붕대를 감을때 까지 서있어야 한다,A bandagem está com falha. Você precisa ficar parado para aplicar bandagem!,Bandaging is failed. You need to stand still for apply a bandage!,Bandaging is failed. You need to stand still for apply a bandage!,包帯を巻けなかった、巻くために静止する必要がある,包扎失敗，你需要靜止不動！,Bandaging has failed. You need to stand still to apply a bandage!
BandageSuccess,You applied a bandage to {0},Вы наложили бинт на {0},Du hast {0} verbunden,Vous avez appliqué un bandage à {0},Założyłeś bandaż na {0},당신은 {0} 에 붕대를 감았다,Você aplicou bandagem em {0},You applied bandage to {0},You applied bandage to {0},包帯を {0} に使った,你在 {0} 應用繃帶,You applied a bandage to {0}
ArmorDestroyed,Your armor falls apart,Ваш бронежилет развалился на куски,Deine Rüstung ist kaputt,Votre blindage tombe en morceaux,Twoja zbroja została zniszczona!,당신의 갑옷이 떨어졌다,Sua armadura quebrou!,Your armor falls apart,Your armor falls apart,防弾ベストがバラバラになった,你的防彈衣分崩離析,Your armor falls apart
PainShockDeath,You have died of shock,Вы погибли от болевого шока,Du bist an einem Schock gestorben,Vous êtes mort du choc de douleur,Umarłeś z powodu nadmiaru bólu (Wstrząs bólowy),당신은 통증 때문에 죽었다,Você morreu com um choque de dor,You have died of shock,You have died of shock,衝撃により死んだ,你死於休克,You have died of shock
,,,,,,,,,,,,
TranslationAuthor,"SH42913, sob",SH42913,gand,JaminFR,MicroPanda123,kim GI,AwesomeSmile,,,Ranshiine,Kwansy,